Dataset,Domain,Asset / Process,Modality,Task,Annotation,Source Type,Access,Size,Year,License,URL
3CAD,Electronics & Semiconductor; Manufacturing & Production,PCB / Electronics,Image,Anomaly Detection; Anomaly Localization; Defect Segmentation; Quality Prediction,Sample Label; Pixel Mask; Fault Type Label,Real Production / Field,Repository,27039 images across 8 product categories,2025,Information not available,https://github.com/EnquanYang2022/3CAD
3D Printer,Materials & Metrology; Manufacturing & Production,Additive Manufacturing; Materials / Chemistry,Tabular,Classification; Regression; Quality Prediction,Sample Label; Class Label; Scalar Target,Real Lab / Testbed,Kaggle; Login Required,Information not available,2018,Information not available,https://www.kaggle.com/datasets/afumetto/3dprinter
3D-ADAM,Manufacturing & Production,Additive Manufacturing,Image; 3D Point Cloud; RGB-D; Multimodal,Anomaly Detection; Defect Segmentation; Quality Prediction; 3D Understanding,Sample Label; Pixel Mask; 3D / Point Mask,Real Lab / Testbed,Hugging Face,14120 3D scans and 27346 annotated defects,2025,Information not available,https://huggingface.co/datasets/pmchard/3D-ADAM
3W,Oil & Gas,Oil Wells / Reservoirs,Time Series,Anomaly Detection; Fault Diagnosis; Classification,Sample Label; Fault Type Label,Mixed,Repository,Information not available,2022,Information not available,https://github.com/petrobras/3W/
AI4I 2020 Predictive Maintenance Dataset,Energy & Power; Manufacturing & Production,CNC / Machining,Time Series,Fault Diagnosis; Failure Prediction; Predictive Maintenance; Classification,Fault Type Label; Scalar Target; Sample Label; Class Label,Synthetic,UCI,10000,2020,Information not available,https://archive.ics.uci.edu/ml/datasets/AI4I+2020+Predictive+Maintenance+Dataset
AITEX Fabric Image Database,Manufacturing & Production,Textile / Apparel,Image,Defect Detection; Defect Segmentation; Classification,Sample Label; Class Label; Pixel Mask,Real Production / Field,Official Portal,245,2019,Information not available,https://riunet.upv.es/bitstreams/52d318c8-921f-4172-ad2f-889effa7dd15/download
APS Failure at Scania Trucks,Transportation & Mobility,Vehicles / Fleets,Tabular,Classification; Fault Diagnosis; Predictive Maintenance,Sample Label; Class Label; Scalar Target,Real Production / Field,UCI; Competition,60000,2017,Information not available,https://archive.ics.uci.edu/ml/datasets/APS+Failure+at+Scania+Trucks
Additional Tennessee Eastman Process Simulation Data for Anomaly Detection Evaluation,Chemical & Process; Manufacturing & Production,Chemical Process,Time Series,Anomaly Detection; Fault Diagnosis; Predictive Maintenance; Process Monitoring,Sample Label; Class Label,Simulation,Zenodo / Dataverse,Information not available,Information not available,Information not available,https://dataverse.harvard.edu/dataset.xhtml?persistentId=doi:10.7910/DVN/6C3JR1
AeBAD,Aerospace & Defense,Turbines / Engines,Image; Video,Anomaly Detection; Defect Segmentation; Predictive Maintenance,Sample Label; Pixel Mask,Real Lab / Testbed,Repository,Information not available,2023,CC BY,https://github.com/zhangzilongc/MMR
Air Quality,Environment & Safety; Chemical & Process,Chemical Process,Time Series,Regression,Scalar Target,Real Production / Field,UCI,9358,2016,Information not available,https://www.semanticscholar.org/paper/a90a54a39ff934772df57771a0012981f355949d
Anemometer Fault Detection,Energy & Power,Other / Cross-Domain,Time Series,Classification; Fault Diagnosis; Forecasting,Sample Label; Class Label; Scalar Target,Real Production / Field,Competition,Information not available,2011,Information not available,https://phmsociety.org/phm_competition/2011-phm-society-conference-data-challenge/
Appliances Energy Prediction,Buildings & Appliances; Energy & Power,Buildings / Appliances,Time Series,Regression; Energy Optimization,Scalar Target,Real Production / Field,UCI; Repository,19735,2017,Information not available,https://archive.ics.uci.edu/dataset/374/appliances+energy+prediction
Asset Failure and Replacement,General / Cross-Industrial,Other / Cross-Domain,Time Series,Classification; Regression; Failure Prediction; RUL / Prognostics,Sample Label; Class Label; Scalar Target,Real Production / Field,Competition,Information not available,2014,Proprietary / Restricted,https://phmsociety.org/conference/annual-conference-of-the-phm-society/annual-conference-of-the-prognostics-and-health-management-society-2014/phm-data-challenge-2/
AssetOpsBench,Manufacturing & Production,Other / Cross-Domain,Time Series,Forecasting; Anomaly Detection; Recommendation / Decision Support; Benchmark Suite,Text / QA Label; Split Metadata,Simulation,Repository; Hugging Face,140+ Scenarios,Information not available,Information not available,https://arxiv.org/pdf/2506.03828
Athabasca Oil Sands Dataset (McMurray Formation),Oil & Gas,Oil Wells / Reservoirs,Tabular,Benchmark Suite,Class Label,Real Production / Field,Official Portal,2193 wells,2001,Information not available,https://ags.aer.ca/publication/spe-006
BATADAL Water SCADA Cyber-Attack Dataset,Cyber-Physical Security; Water & Utilities,Water Treatment / Distribution; SCADA / ICS,Time Series,Cyberattack Detection; Anomaly Detection; Process Monitoring,Time / Event Label; Sample Label; Fault Type Label,Simulation,Official Portal,Information not available,2016,Information not available,http://dx.doi.org/10.1061/(ASCE)WR.1943-5452.0000969
BSData,Materials & Metrology; Manufacturing & Production,Surface Defects,Image,Defect Detection; Defect Segmentation; Classification,Sample Label; Class Label; Instance Mask,Real Lab / Testbed,Repository,"1,104 images with instance segmentation annotations; 21,853 image patches for classification",2021,CC BY-SA,https://github.com/2Obe/BSData
BTAD,Materials & Metrology; Manufacturing & Production,Surface Defects,Image,Anomaly Detection; Anomaly Localization; Defect Detection; Defect Segmentation,Sample Label; Pixel Mask,Real Lab / Testbed,Repository,1799 images across 3 product types (Product1: 400 @ 1600x1600; Product2: 1000 @ 600x600; Product3: 399 @ 800x600),2021,CC BY-SA,https://github.com/pankajmishra000/VT-ADL
Bearing,Manufacturing & Production,Bearings,Time Series; Vibration,Fault Diagnosis; RUL / Prognostics; Predictive Maintenance,Sample Label; RUL Label,Real Lab / Testbed,Official Portal,"3 run-to-failure tests; Test 1: ~2,156 snapshots (34 days), Test 2: ~984 snapshots (7 days), Test 3: ~6,324 snapshots (37 days); each snapshot contains 20,480 data points per channel",2007,Information not available,https://www.nasa.gov/intelligent-systems-division/discovery-and-systems-health/pcoe/pcoe-data-set-repository/
Beijing PM2.5 Data,Environment & Safety,Other / Cross-Domain,Time Series,Regression; Benchmark Suite,Scalar Target,Real Production / Field,UCI,43824,2017,Information not available,https://www.semanticscholar.org/paper/8a82cccc111cbe3e7ff7bc16a3345afe8351a425
Bosch Production Line Performance,Environment & Safety; Manufacturing & Production,General Manufacturing,Tabular; Time Series,Classification; Quality Prediction,Sample Label; Class Label,Real Production / Field,Kaggle; Competition; Login Required,Information not available,2016,Competition Terms,https://www.kaggle.com/c/bosch-production-line-performance/overview
Brent Oil Prices,Oil & Gas; Energy & Power; Business & Economics,Business / Economic Indicators,Time Series,Regression; Forecasting,Scalar Target,Public Records,Kaggle; Login Required,12799,2022,Information not available,https://www.eia.gov/dnav/pet/hist_xls/RBRTEd.xls
Bridge Crack Dataset,Infrastructure & Civil; Materials & Metrology; Environment & Safety,Infrastructure Cracks,Image,Defect Detection; Classification; Predictive Maintenance; Condition Monitoring,Sample Label; Class Label,Real Production / Field,Repository,Information not available,Information not available,Information not available,https://github.com/Charmve/Surface-Defect-Detection/tree/master/Bridge_Crack_Image
Business and Industry Reports,Business & Economics,Business / Economic Indicators,Time Series; Text / Documents,Forecasting; Regression,Scalar Target,Public Records,Kaggle; Repository; Login Required,10952 unique time series codes approximately,2017,Information not available,https://www.kaggle.com/datasets/census/business-and-industry-reports
C-MAPSS Aircraft Engine Simulator Data,Aerospace & Defense,Turbines / Engines,Time Series,Classification; Regression; RUL / Prognostics; Simulation / Control,Sample Label; Class Label; Scalar Target,Simulation,Official Portal,Information not available,Information not available,Information not available,https://data.nasa.gov/dataset/c-mapss-aircraft-engine-simulator-data
CMAPSS Jet Engine Simulated Data,Aerospace & Defense; Manufacturing & Production,Turbines / Engines,Time Series,Regression; RUL / Prognostics; Predictive Maintenance; Simulation / Control,RUL Label; Scalar Target,Simulation,Competition,"708 training + 707 test engine trajectories across 4 sub-datasets (FD001: 100/100, FD002: 260/259, FD003: 100/100, FD004: 248/249)",2008,Information not available,https://data.nasa.gov/dataset/cmapss-jet-engine-simulated-data
CNC Mill Tool Wear,Manufacturing & Production,CNC / Machining,Time Series,Fault Diagnosis; Condition Monitoring; Classification,Sample Label; Class Label,Real Lab / Testbed,Kaggle; Login Required,Information not available,2018,Information not available,https://www.kaggle.com/shasun/tool-wear-detection-in-cnc-mill
CWRU Bearing Data,Manufacturing & Production,Bearings,Time Series; Vibration,Fault Diagnosis; Condition Monitoring; Classification,Sample Label; Class Label; Fault Type Label,Real Lab / Testbed,Official Portal,Multiple time-series records under motor loads of 0-3 HP (1720-1797 RPM); defects at 4 fault diameters (0.007-0.040 in),2000,Information not available,https://engineering.case.edu/bearingdatacenter
CXR-AD,Manufacturing & Production,Surface Defects,X-ray / CT; Image,Anomaly Detection; Anomaly Localization; Defect Segmentation; Quality Prediction,Normal-Only Training; Sample Label; Pixel Mask,Real Production / Field,Official Portal,653 normal and 561 anomalous X-ray images across 5 categories,2025,Information not available,https://arxiv.org/abs/2505.03412
Car Evaluation,Transportation & Mobility,Vehicles / Fleets,Tabular,Classification,Sample Label; Class Label,Real Lab / Testbed,UCI,1728,1997,Information not available,https://www.semanticscholar.org/paper/KNOWLEDGE-ACQUISITION-AND-EXPLANATION-FOR-DECISION-Bohanec-Rajkovi%C4%8D/8bab443ae322ff47c3e609272bd93fd4650555bc
Casting product image data for quality inspection,Manufacturing & Production,Casting / Metal Parts,Image,Defect Detection; Classification,Sample Label; Class Label,Real Production / Field,Kaggle; Login Required,7348,Information not available,Information not available,https://www.kaggle.com/datasets/ravirajsinh45/real-life-industrial-dataset-of-casting-product
Chemical Composition of Ceramic Samples,Chemical & Process; Materials & Metrology,Materials / Chemistry,Tabular,Classification; Benchmark Suite,Sample Label; Class Label,Real Lab / Testbed,UCI,88,2019,Information not available,https://doi.org/10.24432/C54P5X
Chemical Production India 2013 to 2020,Chemical & Process; Business & Economics; Manufacturing & Production,Business / Economic Indicators,Time Series,Regression; Benchmark Suite,Scalar Target,Real Production / Field,Kaggle; Login Required,Information not available,2022,CC0,https://www.kaggle.com/datasets/timontunes/chemicalproduction2013to2020
Chinese Power Line Insulator Dataset,Energy & Power,Power Grid / Plants,Image; Geospatial / Remote Sensing,Defect Detection; Classification,Sample Label; Class Label,Mixed,Repository,Information not available,Information not available,Information not available,https://github.com/InsulatorData/InsulatorDataSet
CiP-DMD,Manufacturing & Production,General Manufacturing,Time Series,Quality Prediction; Process Monitoring,Time / Event Label; Scalar Target; Split Metadata,Real Production / Field,Repository; Zenodo / Dataverse,847 pneumatic cylinders,2024,Information not available,https://github.com/HannesJoern/interq_data_acquisition_public
Civil Engineering: Cement Manufacturing Dataset,Chemical & Process; Infrastructure & Civil; Materials & Metrology,Chemical Process; Materials / Chemistry,Tabular,Regression,Scalar Target,Real Lab / Testbed,Kaggle; Login Required,1030,Information not available,Information not available,https://www.kaggle.com/datasets/vinayakshanawad/cement-manufacturing-concrete-dataset
Combined Cycle Power Plant,Energy & Power,Turbines / Engines; Power Grid / Plants,Tabular,Regression; Energy Optimization,Scalar Target,Real Production / Field,UCI,9568,2014,Information not available,https://www.semanticscholar.org/paper/f164ee353ada936ef97d0d379f8581336ddc9733
Concrete Compressive Strength,Chemical & Process; Infrastructure & Civil; Materials & Metrology,Chemical Process; Materials / Chemistry,Tabular,Regression; Benchmark Suite,Scalar Target,Real Production / Field,UCI,1030,2007,Information not available,https://www.semanticscholar.org/paper/9310cae70452ea11465f338483e79cc36a68881c
Concrete Crack Images for Classification,Transportation & Mobility; Infrastructure & Civil; Materials & Metrology,Infrastructure Cracks,Image,Defect Detection; Classification; Condition Monitoring,Sample Label; Class Label,Real Production / Field,Mendeley Data,40000,2018,Information not available,https://data.mendeley.com/datasets/5y9wdsg2zt/1
Condition Based Maintenance of Naval Propulsion Plants,Energy & Power; Aerospace & Defense,Gears / Gearboxes; Turbines / Engines,Tabular,Regression; RUL / Prognostics; Predictive Maintenance; Simulation / Control,Scalar Target,Simulation,UCI,11934,2014,Information not available,https://doi.org/10.24432/C5K31K
Condition Based Maintenance of Naval Propulsion Systems,Energy & Power; Aerospace & Defense,Gears / Gearboxes; Turbines / Engines,Tabular,Regression; RUL / Prognostics; Predictive Maintenance; Simulation / Control,Scalar Target,Simulation,UCI,11934,2014,Information not available,https://doi.org/10.24432/C5K31K
Condition monitoring of hydraulic systems,Oil & Gas; Energy & Power; Manufacturing & Production,Motors / Drives; Pumps; Valves / Actuators,Time Series; Vibration,Fault Diagnosis; Condition Monitoring; Energy Optimization; Classification,Fault Type Label; Scalar Target; Sample Label; Class Label,Real Lab / Testbed,UCI,2205,2018,Information not available,https://doi.org/10.24432/C5CW21
Control loop datasets,Oil & Gas; Chemical & Process,Chemical Process,Time Series,Anomaly Detection; Process Monitoring; Simulation / Control,Sample Label,Real Production / Field,Official Portal,"Multiple SISO control loops from an oil and gas company over 2.5 days; 3 variants: SISO-RAW (non-constant sampling), SISO-SEL (selected fragments), SISO-SAMP (constant sampling rate)",2018,Information not available,https://www.ufrgs.br/gimscop/repository/sisoviewer/datasets/
DAMADICS Actuator Benchmark,Chemical & Process; Manufacturing & Production,Valves / Actuators; Chemical Process,Time Series,Classification; Fault Diagnosis; Process Monitoring,Sample Label; Class Label,Real Production / Field,Direct Download,Daily matrices of 86400 rows x 33 columns,2001,Information not available,https://iair.mchtr.pw.edu.pl/Damadics
Data-driven prediction of battery cycle life before capacity degradation,Energy & Power,Batteries,Time Series,Regression; RUL / Prognostics,RUL Label; Scalar Target,Real Lab / Testbed,Repository,124,2019,Information not available,https://github.com/rdbraatz/data-driven-prediction-of-battery-cycle-life-before-capacity-degradation
Deep PCB,Electronics & Semiconductor; Manufacturing & Production,PCB / Electronics,Image,Defect Detection; Anomaly Localization; Classification,Sample Label; Class Label,Real Production / Field,Repository,Information not available,Information not available,Information not available,https://github.com/Charmve/Surface-Defect-Detection/tree/master/DeepPCB
Defective Solar Cells Dataset,Energy & Power; Manufacturing & Production,Solar / PV,Image,Anomaly Detection; Defect Detection; Quality Prediction; Energy Optimization,Sample Label; Class Label,Real Production / Field,Repository,Information not available,Information not available,Information not available,https://github.com/zae-bayern/elpv-dataset
Degradation Measurement of Robot Arm Position Accuracy,Energy & Power; Robotics & Automation; Manufacturing & Production,Robotic Manipulation,Time Series,Regression; RUL / Prognostics; Condition Monitoring,Fault Type Label; Scalar Target,Real Lab / Testbed,Official Portal,Information not available,2017,Information not available,https://www.nist.gov/publications/accuracy-degradation-analysis-industrial-robot-systems
Detecting Anomalies in Wafer Manufacturing,Electronics & Semiconductor; Manufacturing & Production,Semiconductor / Wafers,Tabular,Anomaly Detection; Classification,Sample Label; Class Label,Real Production / Field,Kaggle; Login Required,"Train: 1763, Test: 756",Information not available,Information not available,https://www.kaggle.com/datasets/arbazkhan971/anomaly-detection
Diesel Engine Faults Features,Manufacturing & Production,Turbines / Engines,Time Series; Vibration,Classification; Fault Diagnosis; Predictive Maintenance; Simulation / Control,Sample Label; Class Label; Scalar Target,Simulation,Mendeley Data,3500,2020,Information not available,https://data.mendeley.com/datasets/k22zxz29kr/1
ECO dataset,Energy & Power; Buildings & Appliances,Power Grid / Plants; Buildings / Appliances,Time Series,Energy Optimization,Sample Label,Real Production / Field,Official Portal,Information not available,2015,Information not available,http://vs.inf.ethz.ch/res/show.html?what=eco-data
Electrical Grid Stability Simulated Data,Energy & Power,Power Grid / Plants,Tabular,Classification; Regression; Simulation / Control,Sample Label; Class Label; Scalar Target,Simulation,UCI,10000,2018,Information not available,https://doi.org/10.24432/C5PG66
Electricity Load Diagrams 2011-2014,Energy & Power,Power Grid / Plants,Time Series,Forecasting; Energy Optimization,Scalar Target,Real Production / Field,UCI,370,2015,Information not available,https://archive.ics.uci.edu/ml/datasets/ElectricityLoadDiagrams20112014
Energy Efficiency,Buildings & Appliances; Energy & Power,Buildings / Appliances,Tabular,Regression; Energy Optimization; Classification,Sample Label; Class Label; Scalar Target,Simulation,UCI,768,2012,Information not available,https://www.semanticscholar.org/paper/Accurate-quantitative-estimation-of-energy-of-using-Tsanas-Xifara/719e65379c5959141180a45f540f707d583b8ce2
Eyecandies,Materials & Metrology; Manufacturing & Production,Surface Defects,Image; RGB-D; Multimodal,Anomaly Detection; Anomaly Localization; Defect Segmentation,Normal-Only Training; Sample Label,Real Lab / Testbed,Repository,"10 object classes; per-class: 1000 normal train, 100 normal val, 25/25 public test, 200/200 private test",2022,Information not available,https://eyecan-ai.github.io/eyecandies/
FEMTO (PRONOSTIA) Bearing Dataset,Manufacturing & Production,Bearings,Time Series; Vibration,Regression; RUL / Prognostics,RUL Label; Scalar Target,Real Lab / Testbed,Repository; Competition,Information not available,2012,Information not available,https://github.com/tilman151/rul-datasets
FailureSensorIQ,General / Cross-Industrial,Other / Cross-Domain,Text / Documents,Fault Diagnosis; Recommendation / Decision Support; Benchmark Suite,Text / QA Label,Derived / Aggregated,Hugging Face,"8,296 questions",2025,Apache-2.0,https://github.com/IBM/FailureSensorIQ
GC10-DET,Manufacturing & Production; Materials & Metrology,Steel / Metal Surfaces,Image,Defect Detection; Object Detection; Classification,Bounding Box; Fault Type Label; Sample Label; Class Label,Real Production / Field,Kaggle; Repository; Login Required,3570,2019,Information not available,https://github.com/lvxiaoming2019/
GREEND,Energy & Power; Buildings & Appliances,Power Grid / Plants; Buildings / Appliances,Time Series,Energy Optimization,Sample Label,Real Production / Field,Official Portal,Information not available,2014,Information not available,http://goo.gl/rtXjxT
Gas Sensor Array Drift at Different Concentrations,Chemical & Process; Environment & Safety,Chemical Process,Time Series,Classification; Regression,Sample Label; Class Label; Scalar Target,Real Lab / Testbed,UCI,13910,2013,Information not available,https://doi.org/10.24432/C5MK6M
Gas sensor array temperature modulation,Chemical & Process; Electronics & Semiconductor,Chemical Process,Time Series,Classification; Regression,Class Label; Scalar Target,Real Lab / Testbed,UCI,4095000,2019,Information not available,https://archive.ics.uci.edu/dataset/487/gas+sensor+array+temperature+modulation
Gas sensor array under dynamic gas mixtures,Chemical & Process; Electronics & Semiconductor,PCB / Electronics; Chemical Process,Time Series,Classification; Regression,Sample Label; Class Label; Scalar Target,Real Lab / Testbed,UCI,4178504,2015,Information not available,https://archive.ics.uci.edu/ml/datasets/Gas+sensor+array+under+dynamic+gas+mixtures
Gearbox Fault Detection,Manufacturing & Production,Gears / Gearboxes,Time Series; Vibration,Fault Diagnosis; Classification,Sample Label; Class Label; Scalar Target,Real Production / Field,Competition,Information not available,2017,Information not available,https://c3.nasa.gov/dashlink/resources/997/
Genesis Pick-and-Place Demonstrator Dataset,Robotics & Automation; Manufacturing & Production,Robotic Manipulation,Time Series,Anomaly Detection; Condition Monitoring,Sample Label; Time / Event Label,Real Lab / Testbed,Kaggle; Login Required,16220,2018,Information not available,https://www.kaggle.com/datasets/inIT-OWL/genesis-demonstrator-data-for-machine-learning
Global Power Plant Database,Energy & Power,Power Grid / Plants,Tabular; Geospatial / Remote Sensing,Benchmark Suite,Unlabeled; Class Label,Public Records,Official Portal,Information not available,2024,Information not available,https://datasets.wri.org/dataset/globalpowerplantdatabase
Green House Gas Produce by Different Industry,Environment & Safety,General Manufacturing,Time Series,Regression,Scalar Target,Public Records,Kaggle; Login Required,Information not available,2010,Information not available,https://www.kaggle.com/datasets/rafsunahmad/green-house-gas-produce-by-different-industry
HCI Industrial Optical Inspection,Materials & Metrology; Manufacturing & Production,Surface Defects,Image,Anomaly Detection; Anomaly Localization; Defect Detection; Defect Segmentation,Pixel Mask; Fault Type Label; Sample Label; Class Label,Real Lab / Testbed,Official Portal,Multiple industrial texture classes; training images with image-level labels (weak supervision) and test images with pixel-level ground truth,2015,Information not available,https://hci.iwr.uni-heidelberg.de/content/weakly-supervised-learning-industrial-optical-inspection
HSS-IAD,Manufacturing & Production,Surface Defects,Image,Anomaly Detection; Defect Detection; Defect Segmentation; Quality Prediction,Normal-Only Training; Sample Label; Pixel Mask,Real Lab / Testbed,Repository,8580 images,2025,Information not available,https://github.com/Qiqigeww/HSS-IAD-Dataset
High Storage System Anomaly Detection,Energy & Power,General Manufacturing,Time Series,Anomaly Detection; Energy Optimization,Sample Label,Real Lab / Testbed,Kaggle; Login Required,Information not available,2018,CC BY-NC-SA,https://ieeexplore.ieee.org/document/8247695/
High Storage System Data for Energy Optimization,Energy & Power,General Manufacturing,Time Series,Anomaly Detection; Energy Optimization,Sample Label,Real Production / Field,Kaggle; Login Required,Information not available,2018,Information not available,https://www.kaggle.com/datasets/inIT-OWL/high-storage-system-data-for-energy-optimization
Hill-Valley,General / Cross-Industrial,Other / Cross-Domain,Time Series,Classification; Benchmark Suite,Sample Label; Class Label,Real Lab / Testbed,UCI,606,2008,CC BY,https://doi.org/10.24432/C5JC8P
IEC3D-AD,Manufacturing & Production,Surface Defects,Image; 3D Point Cloud,Anomaly Detection; Anomaly Localization; 3D Understanding,Sample Label; 3D / Point Mask,Real Lab / Testbed,Hugging Face,Information not available,2025,Information not available,https://huggingface.co/datasets/HanzheL/open-industry
IMAD-DS,Robotics & Automation; Manufacturing & Production,Motors / Drives,Time Series; Audio; Vibration; Multimodal,Anomaly Detection; Fault Diagnosis; Condition Monitoring,Sample Label; Fault Type Label; Time / Event Label,Real Lab / Testbed,Zenodo / Dataverse,Information not available,2024,Information not available,https://zenodo.org/records/12665499
ISDB - International Stiction Data Base,Chemical & Process,Valves / Actuators; Chemical Process,Time Series,Regression; Fault Diagnosis; Simulation / Control,Sample Label; Scalar Target,Real Lab / Testbed,Official Portal,Information not available,2009,Information not available,http://www.ualberta.ca/~bhuang/Stiction-Book/BookFlyer_JelaliHuang2009_1.pdf
ISP-AD,Manufacturing & Production,Surface Defects,Image,Anomaly Detection; Anomaly Localization; Defect Segmentation,Sample Label,Mixed,Zenodo / Dataverse,559049 samples,2025,Information not available,https://doi.org/10.5281/zenodo.14911042
IV2V and iV2I+ Industrial Datasets,Transportation & Mobility; Logistics & Retail,Vehicles / Fleets,Time Series,Forecasting; Classification,Sample Label,Real Production / Field,Repository; IEEE DataPort,Multiple measurement campaigns in an industrial warehouse environment; thousands of channel measurement snapshots per scenario,2021,Information not available,https://ieee-dataport.org/open-access/ai4mobile-industrial-wireless-datasets-iv2v-and-iv2i
IndPenSim – Industrial Penicillin Fermentation Simulator Dataset,Chemical & Process,Chemical Process,Time Series,Fault Diagnosis; Process Monitoring; Simulation / Control; Classification,Sample Label; Class Label; Scalar Target,Mixed,Mendeley Data,100 batches,2018,Information not available,https://data.mendeley.com/datasets/pdnjz7zz5x/2
Individual Household Electric Power Consumption,Energy & Power; Buildings & Appliances,Buildings / Appliances,Time Series,Regression; Energy Optimization,Scalar Target,Real Production / Field,UCI,2075259,2012,Information not available,https://archive.ics.uci.edu/ml/datasets/Individual+household+electric+power+consumption
IndustReal,Manufacturing & Production,General Manufacturing,Image; Video,Predictive Maintenance; Process Monitoring,Sample Label,Real Production / Field,Repository,84 videos; 27 participants,2023,Apache-2.0,https://github.com/TimSchoonbeek/IndustReal
Industrial Fault Detection Dataset,Manufacturing & Production,General Manufacturing,Tabular; Time Series; Vibration; Multimodal,Classification; Fault Diagnosis,Sample Label; Class Label; Scalar Target,Real Production / Field,Kaggle; Login Required,Information not available,Information not available,Information not available,https://www.kaggle.com/datasets/programmer3/industrial-fault-detection-dataset
Industrial IoT Dataset (Synthetic),Manufacturing & Production,General Manufacturing,Time Series; Audio; Vibration; Multimodal,Anomaly Detection; Predictive Maintenance; Forecasting; Simulation / Control,Sample Label; Class Label; Scalar Target,Synthetic,Kaggle; Login Required,500000,Information not available,Information not available,https://www.kaggle.com/datasets/canozensoy/industrial-iot-dataset-synthetic
Industrial IoT Fault Detection Dataset,Manufacturing & Production,General Manufacturing,Time Series; Vibration,Classification; Fault Diagnosis; Predictive Maintenance,Sample Label; Class Label; Scalar Target,Real Production / Field,Kaggle; Login Required,1000,Information not available,Information not available,https://www.kaggle.com/datasets/ziya07/industrial-iot-fault-detection-dataset
Industrial Safety and Health Analytics Database,Environment & Safety; Manufacturing & Production,General Manufacturing,Tabular,Classification; Regression,Sample Label; Class Label; Scalar Target,Real Production / Field,Kaggle; Login Required,Information not available,2018,CC0,https://www.kaggle.com/datasets/ihmstefanini/industrial-safety-and-health-analytics-database
Intelligent Manufacturing Dataset,Manufacturing & Production,General Manufacturing,Time Series; Vibration,Anomaly Detection; Predictive Maintenance; Quality Prediction,Sample Label; Class Label; Scalar Target,Synthetic,Kaggle; Login Required,Information not available,Information not available,Information not available,https://www.kaggle.com/datasets/ziya07/intelligent-manufacturing-dataset
IoT-Integrated Predictive Maintenance Dataset,Manufacturing & Production,General Manufacturing,Time Series,Fault Diagnosis; Predictive Maintenance; Classification,Sample Label; Class Label; Scalar Target,Synthetic,Kaggle; Login Required,Information not available,Information not available,Information not available,https://www.kaggle.com/datasets/ziya07/iot-integrated-predictive-maintenance-dataset
Kaputt,Logistics & Retail,Retail / Logistics Items,Image,Anomaly Detection; Defect Detection; Defect Segmentation,Sample Label; Pixel Mask,Real Production / Field,Official Portal; Form Request,"238421 images, including 29316 defective instances and 48376 unique items",2025,Information not available,https://kaputt-dataset.com/
Kolektor Surface-Defect Dataset (KolektorSDD),Materials & Metrology; Manufacturing & Production,Surface Defects,Image,Defect Detection; Defect Segmentation; Classification,Sample Label; Pixel Mask,Real Lab / Testbed,Official Portal,399,Information not available,CC BY,https://go.vicos.si/kolektorsdd
Kylberg Texture Dataset,Materials & Metrology,Materials / Chemistry,Image,Classification; Benchmark Suite,Sample Label; Class Label,Real Lab / Testbed,Official Portal,4480 (28 classes * 160 patches),2020,Information not available,https://kylberg.org/wp-content/uploads/2020/05/KylbergTextureDocumentation-1.0.pdf
Large Scale Image Dataset of Wood Surface Defects,Materials & Metrology; Manufacturing & Production,Surface Defects,Image,Defect Detection; Classification; Quality Prediction,Sample Label; Class Label; Bounding Box,Real Production / Field,Kaggle; Login Required,4000,Information not available,Information not available,https://f1000research.com/articles/10-581
Laser Welding,Manufacturing & Production; Materials & Metrology,Welding; Steel / Metal Surfaces,Tabular,Classification; Regression,Sample Label; Class Label; Scalar Target,Real Production / Field,Mendeley Data,360,2021,Information not available,http://dx.doi.org/10.17632/2s5m3crbkd.2
Li-ion Battery Aging Datasets,Energy & Power,Batteries,Time Series,RUL / Prognostics; Regression,RUL Label; Scalar Target,Real Lab / Testbed,Official Portal,Information not available,2010,Information not available,http://ti.arc.nasa.gov/c/5/
MANTA,General / Cross-Industrial,Surface Defects,Image; Text / Documents; Multimodal,Anomaly Detection; Anomaly Localization; Defect Segmentation,Sample Label; Pixel Mask; Text / QA Label,Real Lab / Testbed,Official Portal,"137300+ images, including 8600+ anomalous images, across 38 categories and 5 views",2024,Information not available,https://arxiv.org/abs/2412.04867
MCBT,Materials & Metrology; Manufacturing & Production,Surface Defects,Image,Anomaly Detection; Defect Detection,Sample Label; Fault Type Label,Real Lab / Testbed,Repository,1027 images,2025,Information not available,https://github.com/ganatma/AL-CycleGAN
MIMII DG: Sound Dataset for Malfunctioning Industrial Machine Investigation for Domain Generalization Task,Manufacturing & Production,Industrial Machines,Time Series; Audio,Anomaly Detection; Fault Diagnosis; Condition Monitoring,Normal-Only Training; Sample Label,Real Lab / Testbed,Repository; Zenodo / Dataverse; Competition,Information not available,2022,CC BY-NC-SA,https://dcase.community/challenge2022/task-unsupervised-anomalous-sound-detection-for-machine-condition-monitoring
MIMII Dataset: Sound Dataset for Malfunctioning Industrial Machine Investigation and Inspection,Manufacturing & Production,Industrial Machines,Time Series; Audio,Anomaly Detection; Fault Diagnosis; Condition Monitoring,Normal-Only Training; Sample Label,Mixed,Repository; Zenodo / Dataverse,Information not available,2019,CC BY-SA,https://github.com/MIMII-hitachi/mimii_baseline/
MPDD,Manufacturing & Production,Casting / Metal Parts,Image,Anomaly Detection; Defect Detection; Defect Segmentation; Quality Prediction,Normal-Only Training; Sample Label; Pixel Mask,Mixed,Repository,1064 images across 6 metal part categories,2021,CC BY-NC-SA,https://github.com/stepanje/MPDD
MPDD2,Manufacturing & Production,Casting / Metal Parts,Image,Anomaly Detection; Defect Detection; Defect Segmentation,Sample Label; Pixel Mask,Mixed,Repository,700+ images across multiple metal part categories,2022,CC BY-NC-SA,https://github.com/stepanje/MPDD2
MVTec 3D-AD,Manufacturing & Production,Surface Defects,Image; 3D Point Cloud; RGB-D; Multimodal,Anomaly Detection; Anomaly Localization; Defect Segmentation; 3D Understanding,Normal-Only Training; Sample Label; Pixel Mask; 3D / Point Mask,Real Lab / Testbed,Official Portal; Form Request,4147 high-resolution scans across 10 categories,2022,CC BY-NC-SA,https://www.mvtec.com/company/research/datasets/mvtec-3d-ad
MVTec AD 2,Manufacturing & Production,Surface Defects,Image,Anomaly Detection; Anomaly Localization; Defect Segmentation; Quality Prediction,Normal-Only Training; Sample Label; Pixel Mask; Partial,Real Lab / Testbed,Official Portal; Form Request; Gated Approval,8000+ images across 8 scenarios,2025,CC BY-NC-SA,https://www.mvtec.com/company/research/datasets/mvtec-ad-2
MVTec Anomaly Detection (MVTec AD),Manufacturing & Production,Surface Defects,Image,Anomaly Detection; Defect Detection; Defect Segmentation,Normal-Only Training; Sample Label; Pixel Mask,Real Lab / Testbed,Official Portal; Form Request,Over 5000,2021,CC BY,https://link.springer.com/content/pdf/10.1007/s11263-020-01400-4.pdf
MVTec D2S,Robotics & Automation; Logistics & Retail,Retail / Logistics Items,Image,Object Detection; Defect Segmentation,Bounding Box; Instance Mask,Real Lab / Testbed,Direct Download,21000 images across 60 object categories,2018,CC BY-NC-SA,https://www.mvtec.com/company/research/datasets/mvtec-d2s
MVTec ITODD,Robotics & Automation; Manufacturing & Production,General Manufacturing,Image; 3D Point Cloud; RGB-D; Multimodal,Object Detection; Pose Estimation; 3D Understanding,Bounding Box; Pose / Keypoint Label; Split Metadata,Real Lab / Testbed,Direct Download,3500 labelled scenes across 28 object categories,2017,CC BY-NC-SA,https://www.mvtec.com/company/research/datasets/mvtec-itodd
MVTec LOCO AD,Manufacturing & Production,Surface Defects,Image,Anomaly Detection; Anomaly Localization; Defect Segmentation; Quality Prediction,Normal-Only Training; Sample Label; Pixel Mask,Real Lab / Testbed,Official Portal; Form Request,3644 images across 5 categories,2022,CC BY-NC-SA,https://www.mvtec.com/company/research/datasets/mvtec-loco
MVTec MV-ball,Robotics & Automation; Materials & Metrology,Robotic Manipulation,Image; Multimodal,Pose Estimation; 3D Understanding,Pose / Keypoint Label; Split Metadata,Synthetic,Official Portal,112042 training images; 3853 easy + 3458 hard evaluation images,2025,CC BY-NC-SA,https://www.mvtec.com/company/research/datasets/mvtec-mv-ball
MVTec Screws,Manufacturing & Production,Surface Defects,Image,Object Detection; Pose Estimation,Bounding Box; Pose / Keypoint Label,Real Lab / Testbed,Direct Download,384 images; 4426 oriented bounding box annotations; 13 categories,2019,CC BY-NC-SA,https://www.mvtec.com/company/research/datasets/mvtec-screws
Magnetic Tile Defect,Materials & Metrology; Manufacturing & Production,Surface Defects,Image,Defect Detection; Defect Segmentation; Classification; Quality Prediction,Sample Label; Class Label; Pixel Mask,Real Lab / Testbed,Repository,"1,344 images across 6 classes (MT_Blowhole, MT_Break, MT_Crack, MT_Fray, MT_Uneven, MT_Free)",2018,Information not available,https://github.com/abin24/Magnetic-tile-defect-datasets.
Maintenance Action Recommendation,General / Cross-Industrial,Other / Cross-Domain,Time Series,Classification; RUL / Prognostics; Predictive Maintenance; Recommendation / Decision Support,Sample Label; Class Label,Real Production / Field,Competition,Information not available,2013,Information not available,https://phmsociety.org/conference/annual-conference-of-the-phm-society/annual-conference-of-the-prognostics-and-health-management-society-2013/phm-data-challenge/
Maintenance of Naval Propulsion Plants Data Set,Aerospace & Defense,Gears / Gearboxes; Turbines / Engines,Tabular,Regression; RUL / Prognostics; Predictive Maintenance; Simulation / Control,Scalar Target,Simulation,UCI; Kaggle; Login Required,11934,2014,Information not available,http://archive.ics.uci.edu/ml/datasets/condition+based+maintenance+of+naval+propulsion+plants
Manufacturing Defects,Manufacturing & Production,General Manufacturing,Time Series,Defect Detection; Regression; Quality Prediction,Sample Label; Scalar Target,Real Production / Field,Kaggle; Login Required,3200,Information not available,Information not available,https://www.kaggle.com/datasets/gabrielsantello/manufacturing-defects-industry-dataset
Manufacturing cost,Manufacturing & Production,General Manufacturing,Tabular,Regression,Scalar Target,Real Production / Field,Kaggle; Login Required,Likely 1000+ (Exact count not specified),2019,Information not available,https://www.kaggle.com/datasets/vinicius150987/manufacturing-cost
ManyWells,Oil & Gas,Oil Wells / Reservoirs,Time Series,Classification; Regression; Simulation / Control,Sample Label; Class Label; Scalar Target,Simulation,Repository; Hugging Face,3006000,2025,Information not available,https://github.com/solution-seeker-as/manywells
Mechanic Component Images ( Normal / Defected),Manufacturing & Production,Casting / Metal Parts,Image,Defect Detection; Classification; Quality Prediction,Sample Label; Class Label,Real Production / Field,Kaggle; Login Required,285 files,2020,Information not available,https://www.kaggle.com/satishpaladi11/mechanic-component-images-normal-defected
Mechanical Analysis,General / Cross-Industrial,Other / Cross-Domain,Tabular; Time Series,Classification; Fault Diagnosis,Sample Label; Class Label,Real Production / Field,UCI,209,1990,Information not available,https://doi.org/10.24432/C5VG74
Mercedes-Benz Greener Manufacturing,Transportation & Mobility; Manufacturing & Production,Vehicles / Fleets,Tabular,Regression; Quality Prediction,Scalar Target,Real Production / Field,Kaggle; Login Required,Information not available,Information not available,Information not available,https://www.kaggle.com/datasets/swetashetye/mercedesbenz-greener-manufacturing
Milling,Manufacturing & Production,CNC / Machining,Time Series; Vibration; Audio,RUL / Prognostics; Condition Monitoring; Regression,RUL Label; Scalar Target,Real Production / Field,Kaggle; Login Required,16 experimental cases; 167 measurement runs total,2007,Information not available,https://ti.arc.nasa.gov/tech/dash/groups/pcoe/prognostic-data-repository/
Milling Wear,Manufacturing & Production,CNC / Machining,Time Series; Vibration; Audio,RUL / Prognostics; Condition Monitoring; Regression,RUL Label; Scalar Target,Real Lab / Testbed,Kaggle; Login Required,16 experimental cases with 167 total measurement runs; ~15 MB compressed,2007,Information not available,https://data.nasa.gov/dataset/milling-wear
Multi-stage continuous-flow manufacturing process,Manufacturing & Production; Chemical & Process,Chemical Process,Time Series,Regression; Process Monitoring,Scalar Target,Real Production / Field,Kaggle; Login Required,Information not available,2019,Information not available,https://www.kaggle.com/datasets/supergus/multistage-continuousflow-manufacturing-process
N-CMAPSS_DL,Aerospace & Defense; Manufacturing & Production,Turbines / Engines,Time Series,Fault Diagnosis; RUL / Prognostics; Predictive Maintenance; Simulation / Control,RUL Label; Fault Type Label; Scalar Target; Sample Label,Simulation,Repository; Competition,100 engines; 4089 training cycles and 2736 test cycles; 7 failure modes; 3 flight classes,2021,Information not available,https://github.com/mohyunho/N-CMAPSS_DL
NASA Bearing Dataset,Manufacturing & Production,Bearings,Time Series; Vibration,RUL / Prognostics; Predictive Maintenance,Sample Label,Real Lab / Testbed,Kaggle; Login Required,9463 files (1-second vibration signal snapshots),2000,Information not available,http://ti.arc.nasa.gov/project/prognostic-data-repository
NEU Surface Defect Dataset,Materials & Metrology; Manufacturing & Production,Steel / Metal Surfaces; Materials / Chemistry,Image,Defect Detection; Defect Segmentation; Classification,Bounding Box; Fault Type Label; Sample Label; Class Label,Real Lab / Testbed,Official Portal,"1,800 grayscale images; 300 images per class across 6 defect types",2013,Information not available,http://faculty.neu.edu.cn/songkechen/zh_CN/zdylm/263270/list/index.htm
OECD Data - Crude Oil Production,Oil & Gas; Energy & Power; Business & Economics,Oil Wells / Reservoirs; Business / Economic Indicators,Time Series,Regression; Forecasting,Scalar Target,Public Records,Kaggle; Login Required; Direct Download,Information not available,Information not available,Information not available,https://www.kaggle.com/datasets/caesarmario/oecd-data-crude-oil-production
Oil Storage Tanks,Oil & Gas; Energy & Power,Oil Wells / Reservoirs,Image; Geospatial / Remote Sensing,Object Detection,Sample Label; Bounding Box,Remote Sensing,Kaggle; Login Required,Information not available,2019,Information not available,https://www.kaggle.com/datasets/towardsentropy/oil-storage-tanks
Oil and Gas,Oil & Gas; Energy & Power; Business & Economics,Business / Economic Indicators,Time Series,Regression; Forecasting,Scalar Target,Public Records,Kaggle; Zenodo / Dataverse; Login Required,Information not available,2014,Information not available,https://dataverse.harvard.edu/dataset.xhtml?persistentId=doi:10.7910/DVN/ZTPW0Y
Oil well,Oil & Gas,Oil Wells / Reservoirs,Time Series,Regression,Scalar Target,Real Production / Field,Kaggle; Login Required,2941,2021,Information not available,https://www.kaggle.com/datasets/ruslanzalevskikh/oil-well
One Year Industrial Component Degradation,Manufacturing & Production,General Manufacturing,Time Series,Anomaly Detection; RUL / Prognostics; Predictive Maintenance,Unlabeled; RUL Label,Real Production / Field,Kaggle; Login Required,519 files (samples),Information not available,Information not available,http://www.ocme.com/en/our-solutions/secondary-packaging/vega
Open Industrial Data Project (Oil & Gas),Oil & Gas,Oil Wells / Reservoirs,Time Series,Process Monitoring; Condition Monitoring; Predictive Maintenance,Unlabeled; Scalar Target,Real Production / Field,Official Portal,Information not available,2022,Information not available,https://hub.cognite.com/open-industrial-data-211
Open Reaction Database,Chemical & Process,Chemical Process,Tabular; Text / Documents,Regression; Benchmark Suite,Scalar Target; Text / QA Label,Public Records,Repository,Over 1 million chemical reactions (growing community-contributed database),2021,CC BY,https://pubs.acs.org/doi/10.1021/jacs.1c09820
Oscillation detection artificial dataset,Chemical & Process,Valves / Actuators; Chemical Process,Time Series,Classification; Process Monitoring; Simulation / Control,Sample Label; Class Label,Simulation,Official Portal,Synthetic SISO control loop time series; labeled as oscillating or non-oscillating,2018,Proprietary / Restricted,https://www.ufrgs.br/gimscop/repository/sisoviewer/datasets/
PHM 2008 Challenge,Aerospace & Defense; Manufacturing & Production,Turbines / Engines,Time Series,Regression; RUL / Prognostics; Predictive Maintenance; Simulation / Control,RUL Label; Scalar Target,Simulation,Competition,218 turbofan engine trajectories (training and two test subsets),2008,Information not available,https://data.nasa.gov/dataset/phm-2008-challenge
PHM Data Challenge,Manufacturing & Production,Other / Cross-Domain,Time Series,Fault Diagnosis; RUL / Prognostics; Predictive Maintenance,Sample Label; Class Label; Scalar Target,Real Production / Field,Competition,Information not available,2015,Information not available,https://phmsociety.org/conference/annual-conference-of-the-phm-society/annual-conference-of-the-prognostics-and-health-management-society-2015/phm-data-challenge-3/
PIAD,Manufacturing & Production,Surface Defects,Image,Anomaly Detection; Anomaly Localization; Quality Prediction,Normal-Only Training; Sample Label; Pixel Mask,Mixed,Official Portal; Repository,11268 images across 30 industrial products,2025,Information not available,https://kaichen-yang.github.io/piad/
Paderborn University Bearing Dataset,Manufacturing & Production,Bearings; Motors / Drives,Time Series; Vibration,Fault Diagnosis; Condition Monitoring; Predictive Maintenance,Sample Label; Class Label; Scalar Target,Real Lab / Testbed,Zenodo / Dataverse,32 bearing states (26 damaged + 6 healthy) under 4 operating conditions,2016,CC BY,https://mb.uni-paderborn.de/kat/forschung/bearing-datacenter/data-sets-and-download
Panasonic 18650PF Li-ion Battery Data,Energy & Power,Batteries,Time Series,Regression; Energy Optimization,Scalar Target,Real Lab / Testbed,Mendeley Data,Information not available,2018,Information not available,https://data.mendeley.com/datasets/wykht8y7tg/1
Parts Manufacturing,Manufacturing & Production,General Manufacturing,Tabular,Classification,Sample Label; Class Label,Real Production / Field,Kaggle; Login Required,10000,2022,Information not available,https://www.kaggle.com/datasets/gabrielsantello/parts-manufacturing-industry-dataset
Plant Fault Detection,Chemical & Process; Manufacturing & Production,Chemical Process,Time Series,Anomaly Detection; Fault Diagnosis; RUL / Prognostics; Predictive Maintenance,Sample Label; Class Label,Real Production / Field,Repository; Competition,"212 data files from 70 industrial sites; multiple CSV format variants (raw, selected, sampled)",2015,Information not available,https://www.phmsociety.org/events/conference/phm/15/data-challenge
Plastic Extrusion Defects,Manufacturing & Production,Materials / Chemistry,Tabular; Time Series,Anomaly Detection; Defect Detection; Classification,Sample Label; Class Label,Real Lab / Testbed,Kaggle; Login Required,226536,2018,Information not available,https://www.kaggle.com/podsyp/find-a-defect-in-the-production-extrusion-line/metadata
Power Consumption of Tetouan City,Energy & Power; Environment & Safety,Power Grid / Plants,Time Series,Regression; Energy Optimization,Scalar Target,Real Production / Field,UCI,52417,2023,Information not available,https://archive.ics.uci.edu/dataset/849/power+consumption+of+tetouan+city
Predicting Manufacturing Defects Dataset,Manufacturing & Production,General Manufacturing,Tabular,Quality Prediction; Classification,Sample Label; Class Label,Synthetic,Kaggle; Login Required,Information not available,2024,CC BY,https://www.kaggle.com/datasets/rabieelkharoua/predicting-manufacturing-defects-dataset
Production Plant Data for Condition Monitoring,Manufacturing & Production,General Manufacturing,Tabular; Time Series,Condition Monitoring; RUL / Prognostics; Predictive Maintenance,Sample Label; RUL Label; Scalar Target,Real Production / Field,Kaggle; Login Required,Information not available,2018,Information not available,https://authors.elsevier.com/sd/article/S221282711830307X
Productivity Prediction of Garment Employees,Manufacturing & Production,Textile / Apparel,Time Series,Classification; Regression,Sample Label; Class Label; Scalar Target,Real Production / Field,UCI,1197,2020,Information not available,https://dl.acm.org/doi/abs/10.1504/ijbidm.2021.118183
Prognostics Data Repository,Energy & Power; Aerospace & Defense,Bearings; Turbines / Engines; CNC / Machining,Time Series,RUL / Prognostics; Benchmark Suite,Sample Label; Class Label; RUL Label,Derived / Aggregated,Official Portal,Information not available,Information not available,Information not available,https://data.phmsociety.org/nasa/
Pump sensor data,Water & Utilities; Manufacturing & Production,Pumps,Time Series,Classification; Predictive Maintenance,Sample Label; Class Label,Real Production / Field,Kaggle; Login Required,Information not available,2019,Information not available,https://www.kaggle.com/nphantawee/pump-sensor-data
Quality Prediction in a Mining Process,Materials & Metrology; Manufacturing & Production,Materials / Chemistry,Time Series,Regression; Quality Prediction; Process Monitoring,Scalar Target,Real Production / Field,Kaggle; Login Required,"Approximately 158,000+ per large time chunks, total count likely over 400,000",2017,Academic / Non-Commercial,https://www.kaggle.com/datasets/edumagalhaes/quality-prediction-in-a-mining-process
RAD,Robotics & Automation,Robotic Manipulation,Image,Anomaly Detection; Anomaly Localization; Defect Segmentation,Sample Label; Pixel Mask,Real Lab / Testbed,Repository,13 object categories,2024,Information not available,https://github.com/kaichen-z/RAD
RUL Datasets,Aerospace & Defense; Manufacturing & Production,Bearings; Turbines / Engines,Time Series,RUL / Prognostics; Benchmark Suite,Sample Label; RUL Label; Scalar Target,Derived / Aggregated,Repository,Information not available,Information not available,Information not available,https://github.com/tilman151/rul-datasets
Railway Surface Defect Detection Dataset,Transportation & Mobility; Manufacturing & Production,Surface Defects,Image,Defect Detection; Classification,Sample Label; Class Label,Real Production / Field,IEEE DataPort,195,2024,Information not available,https://dx.doi.org/10.21227/qtv6-n081
Real-IAD,Manufacturing & Production,Surface Defects,Image,Anomaly Detection; Defect Detection; Defect Segmentation; Quality Prediction,Normal-Only Training; Sample Label; Pixel Mask; Split Metadata,Real Production / Field,Hugging Face; Gated Approval,150000+ high-resolution images across 30 object categories,2024,CC BY-NC-SA,https://realiad4ad.github.io/Real-IAD/
Real-IAD D3,Materials & Metrology; Manufacturing & Production,Surface Defects,Image; 3D Point Cloud; RGB-D; Multimodal,Anomaly Detection; Anomaly Localization; Defect Segmentation; 3D Understanding,Normal-Only Training; Sample Label; Pixel Mask; 3D / Point Mask,Real Production / Field,Hugging Face; Gated Approval,20 product categories; 10 defect types,2025,CC BY-NC-SA,https://realiad4ad.github.io/Real-IAD_D3/
Real-Time IoT-Driven Production System Dataset,Manufacturing & Production,General Manufacturing,Time Series; Vibration,Predictive Maintenance; Quality Prediction; Classification,Sample Label; Class Label; Scalar Target,Real Production / Field,Kaggle; Login Required,Information not available,Information not available,Information not available,https://www.kaggle.com/datasets/programmer3/real-time-iot-driven-production-system-dataset
Real3D-AD,Materials & Metrology; Manufacturing & Production,Surface Defects,Image; 3D Point Cloud,Anomaly Detection; Anomaly Localization; 3D Understanding,Normal-Only Training; Sample Label; 3D / Point Mask,Real Lab / Testbed,Repository; Direct Download,1254 samples across 12 categories,2023,CC BY,https://github.com/M-3LAB/Real3D-AD
Renewable power plants,Energy & Power,Solar / PV; Power Grid / Plants,Time Series,Regression,Scalar Target,Real Production / Field,Kaggle; Login Required,Information not available,2020,Information not available,https://data.open-power-system-data.org/renewable_power_plants/2020-08-25
Road Surface Cracks Dataset,Transportation & Mobility; Infrastructure & Civil; Materials & Metrology,Infrastructure Cracks,Image,Anomaly Localization; Defect Detection; Defect Segmentation; Classification,Sample Label; Class Label; Pixel Mask,Real Production / Field,Repository,118 road surface images with pixel-level crack annotations (CrackForest dataset),2016,Information not available,https://github.com/cuilimeng/CrackForest-dataset
Robot Execution Failures,Robotics & Automation,Robotic Manipulation,Time Series,Classification; Benchmark Suite,Sample Label; Class Label,Real Production / Field,UCI,463,1999,Information not available,https://doi.org/10.24432/C5M89N
RobustAD,Logistics & Retail; Electronics & Semiconductor; Manufacturing & Production,Casting / Metal Parts; PCB / Electronics; Retail / Logistics Items,Image,Anomaly Detection; Defect Detection; Benchmark Suite,Sample Label; Fault Type Label,Real Production / Field,Hugging Face,4442 images across 3 industrial use cases,2025,Information not available,https://huggingface.co/datasets/AmazonScience/RobustAD
SACAC,Chemical & Process,Valves / Actuators; Chemical Process,Time Series,Fault Diagnosis; Process Monitoring; Simulation / Control,Sample Label; Fault Type Label,Real Production / Field,Official Portal,25 SISO PID control loop datasets categorized by root cause of poor performance,2018,Information not available,https://sacac.org.za/resources/
SECOM,Electronics & Semiconductor; Manufacturing & Production,Semiconductor / Wafers,Tabular; Time Series,Classification; Quality Prediction,Sample Label; Class Label,Real Production / Field,UCI,1567,2008,Information not available,https://doi.org/10.24432/C54305
SKAB,Manufacturing & Production,General Manufacturing,Time Series,Anomaly Detection; Process Monitoring,Sample Label; Time / Event Label,Real Lab / Testbed,Repository,Information not available,2020,GPL,https://github.com/waico/SKAB
SML2010,Buildings & Appliances; Environment & Safety,Buildings / Appliances,Time Series,Regression; Forecasting,Scalar Target,Real Production / Field,UCI,4137,2014,Information not available,https://archive.ics.uci.edu/ml/datasets/SML2010
Secure Water Treatment (SWaT) Dataset,Cyber-Physical Security; Water & Utilities,Water Treatment / Distribution; SCADA / ICS,Time Series,Cyberattack Detection; Anomaly Detection; Process Monitoring,Time / Event Label; Fault Type Label,Real Lab / Testbed,Official Portal; Form Request; Gated Approval,Information not available,2020,Custom Research,https://www.researchgate.net/publication/305809559_A_Dataset_to_Support_Research_in_the_Design_of_Secure_Water_Treatment_Systems
Severstal Steel Defect Detection,Manufacturing & Production,Steel / Metal Surfaces,Image,Defect Detection; Defect Segmentation; Classification; Quality Prediction,Sample Label; Class Label,Real Production / Field,Kaggle; Competition; Login Required,"18,076 files",2019,Competition Terms,https://www.kaggle.com/c/severstal-steel-defect-detection/data
SiM3D,Manufacturing & Production,Surface Defects,Image; Multimodal,Anomaly Detection; 3D Understanding,Sample Label; Pose / Keypoint Label; Split Metadata,Mixed,Hugging Face; Gated Approval,333 instances across 8 object types,2025,Information not available,https://huggingface.co/datasets/arcanoXIII/SiM3D
Smart Manufacturing IoT-Cloud Monitoring Dataset,Manufacturing & Production,General Manufacturing,Time Series,Anomaly Detection; Predictive Maintenance; Process Monitoring; Energy Optimization,Sample Label; Class Label; Scalar Target,Synthetic,Kaggle; Login Required,100000,2025,Information not available,https://www.kaggle.com/datasets/ziya07/smart-manufacturing-iot-cloud-monitoring-dataset
Solar Power Generation Data,Energy & Power,Solar / PV; Power Grid / Plants,Time Series,Regression; Fault Diagnosis; Predictive Maintenance; Forecasting,Sample Label; Class Label; Scalar Target,Real Production / Field,Kaggle; Login Required,Information not available,2015,Information not available,https://www.kaggle.com/datasets/anikannal/solar-power-generation-data
Steel Dataset,Energy & Power; Environment & Safety; Manufacturing & Production,Steel / Metal Surfaces; Power Grid / Plants,Tabular; Time Series,Classification; Regression; Energy Optimization,Sample Label; Class Label; Scalar Target,Real Production / Field,Kaggle; Login Required,35042,2018,Information not available,https://www.kaggle.com/datasets/nimapourmoradi/steel-dataset
Steel Industry datasets,Energy & Power; Environment & Safety; Manufacturing & Production,Steel / Metal Surfaces; Power Grid / Plants,Time Series,Regression; Energy Optimization,Scalar Target,Real Production / Field,Kaggle; Login Required,Likely 20640+ (approximate count based on Usage_kWh counts),Information not available,CC0,https://www.kaggle.com/datasets/ayushparwal2026/steel-industry-datasets
Steel Plates Faults,Manufacturing & Production,Steel / Metal Surfaces,Tabular,Classification; Fault Diagnosis,Sample Label; Class Label,Real Production / Field,UCI,1941,2010,Information not available,https://doi.org/10.24432/C5J88N
Superconductivty Data,Materials & Metrology,Materials / Chemistry,Tabular,Regression; Benchmark Suite,Scalar Target,Real Production / Field,UCI,21263,2018,Information not available,https://www.semanticscholar.org/paper/A-data-driven-statistical-model-for-predicting-the-Hamidieh/b3bea0ac481f0869cb746f3b44d5689bf1a9b924
TIG Welding,Manufacturing & Production,Welding,Image,Classification; Process Monitoring,Sample Label; Class Label,Real Production / Field,Kaggle; Login Required,33300 (33.3k files),2018,Information not available,http://www.sciencedirect.com/science/article/pii/S1526612519302245
TON_IoT,Cyber-Physical Security,SCADA / ICS,Time Series; Network Traffic,Intrusion Detection; Anomaly Detection,Sample Label; Fault Type Label,Real Lab / Testbed,Official Portal,Information not available,2020,Information not available,https://research.unsw.edu.au/projects/toniot-datasets
Tennessee Eastman Process Simulation Dataset,Chemical & Process; Manufacturing & Production,Chemical Process,Time Series,Anomaly Detection; Fault Diagnosis; Predictive Maintenance; Process Monitoring,Sample Label; Class Label,Simulation,Zenodo / Dataverse,Information not available,Information not available,Information not available,https://dataverse.harvard.edu/dataset.xhtml?persistentId=doi:10.7910/DVN/6C3JR1
Textures Classification Dataset,Materials & Metrology; Manufacturing & Production,Materials / Chemistry,Image,Defect Detection; Classification,Sample Label; Class Label; Fault Type Label,Real Production / Field,Repository,Multiple texture image samples across defect categories (exact count on GitHub repository),2018,Information not available,https://github.com/abin24/Textures-Dataset
Textures under varying Illumination,Materials & Metrology,Materials / Chemistry,Image,Classification,Class Label,Real Lab / Testbed,Official Portal,Information not available,2006,Information not available,https://www.csc.kth.se/cvap/databases/kth-tips/index.html
The Reference Energy Disaggregation Data Set (REDD),Energy & Power; Buildings & Appliances,Buildings / Appliances,Time Series,Energy Optimization,Sample Label,Real Production / Field,Unavailable / Broken,Information not available,2011,Information not available,https://zicokolter.com/publications/kolter2011redd.pdf
Tool Path Generation,Materials & Metrology; Manufacturing & Production,CNC / Machining; Materials / Chemistry,Tabular,Regression,Scalar Target,Simulation,Mendeley Data,Information not available,2018,Information not available,https://data.mendeley.com/datasets/smyg6cfwpk/1
Top Defense Manufacturers,Aerospace & Defense; Business & Economics,Business / Economic Indicators,Tabular,Classification,Sample Label,Public Records,Kaggle; Login Required,100,2022,Information not available,https://www.kaggle.com/datasets/surajjha101/top-defense-manufacturers
ToyADMOS dataset,Manufacturing & Production,Industrial Machines,Time Series; Audio,Anomaly Detection; Fault Diagnosis; Condition Monitoring,Sample Label; Class Label,Real Lab / Testbed,Repository; Zenodo / Dataverse,"12,000 samples",2019,Information not available,https://github.com/YumaKoizumi/ToyADMOS-dataset
ToyADMOS2 dataset: Another dataset of miniature-machine operating sounds for anomalous sound detection under domain shift conditions,Manufacturing & Production,Industrial Machines,Time Series; Audio,Anomaly Detection; Fault Diagnosis; Condition Monitoring,Sample Label; Class Label,Real Lab / Testbed,Repository,27 k samples,2021,Information not available,https://github.com/nttcslab/ToyADMOS2-dataset
Turbofan engine degradation simulation data set,Aerospace & Defense,Turbines / Engines,Time Series,Regression; RUL / Prognostics; Simulation / Control,RUL Label; Scalar Target,Simulation,Competition,Information not available,2010,Information not available,http://ti.arc.nasa.gov/project/prognostic-data-repository
Turning Dataset for Chatter Diagnosis,Manufacturing & Production,CNC / Machining,Time Series; Audio; Vibration,Classification,Sample Label; Class Label,Real Production / Field,Mendeley Data,Information not available,2019,Information not available,http://dx.doi.org/10.17632/hvm4wh3jzx.1
U.S. Crude Oil Imports,Oil & Gas; Energy & Power; Business & Economics,Business / Economic Indicators,Time Series,Regression; Forecasting,Scalar Target,Public Records,Kaggle; Login Required,Information not available,2024,Information not available,https://www.eia.gov/
UK-DALE dataset,Energy & Power; Buildings & Appliances,Power Grid / Plants; Buildings / Appliances,Time Series,Classification; Regression; Energy Optimization,Sample Label; Class Label; Scalar Target,Real Production / Field,Repository,Information not available,2017,CC BY,http://dx.doi.org/10.1038/sdata.2015.7
Urban Land Cover,Materials & Metrology,Materials / Chemistry,Image; Geospatial / Remote Sensing,Classification; Benchmark Suite,Sample Label; Class Label,Remote Sensing,UCI,168,2014,Information not available,https://doi.org/10.24432/C53S48
Vehicle Manufacturing Dataset,Transportation & Mobility; Manufacturing & Production,General Manufacturing,Tabular,Classification; Regression; Quality Prediction; Process Monitoring,Sample Label; Class Label; Scalar Target,Mixed,Unavailable / Broken,Information not available,2023,Information not available,https://www.kaggle.com/datasets/arnavsmayan/vehicle-manufacturing-dataset
Versatile Production System,Manufacturing & Production,General Manufacturing,Time Series,Anomaly Detection; Predictive Maintenance; Condition Monitoring,Sample Label; Class Label,Real Production / Field,Kaggle; Login Required,Information not available,2018,Information not available,https://www.kaggle.com/datasets/inIT-OWL/versatileproductionsystem
VisA,Electronics & Semiconductor; Manufacturing & Production,PCB / Electronics,Image,Anomaly Detection; Anomaly Localization; Defect Segmentation; Quality Prediction,Sample Label; Class Label; Pixel Mask,Real Production / Field,Repository,10821 images (9621 normal; 1200 anomalous) across 12 subsets,2022,CC BY,https://github.com/amazon-science/spot-diff
WM811K Wafer Maps,Electronics & Semiconductor; Manufacturing & Production,Semiconductor / Wafers,Image,Classification; Quality Prediction; Fault Diagnosis,Unlabeled; Sample Label; Class Label; Fault Type Label,Real Lab / Testbed,Kaggle; Login Required,"811,457 wafer maps total; 172,950 labeled across 9 classes; 638,507 unlabeled",2014,CC0,https://doi.org/10.1109/TSM.2014.2364237
Water Distribution (WADI) Dataset,Cyber-Physical Security; Water & Utilities; Infrastructure & Civil,Water Treatment / Distribution; SCADA / ICS,Time Series,Cyberattack Detection; Anomaly Detection; Process Monitoring,Time / Event Label; Sample Label; Fault Type Label,Real Lab / Testbed,Official Portal,Information not available,2019,Information not available,https://dl.acm.org/doi/10.1145/3055366.3055375
Wind Turbine Scada Dataset,Energy & Power,Turbines / Engines; Power Grid / Plants,Time Series,Regression,Scalar Target,Real Production / Field,Kaggle; Login Required,"Approximately 15,000+ (estimated from available counts)",2019,Information not available,https://www.kaggle.com/datasets/berkerisen/wind-turbine-scada-dataset
Wine Quality,Materials & Metrology,Materials / Chemistry,Tabular,Classification; Regression,Sample Label; Class Label; Scalar Target,Real Production / Field,UCI,4898,2009,Information not available,https://www.semanticscholar.org/paper/Modeling-wine-preferences-by-data-mining-from-Cortez-Cerdeira/bf15a0ccc14ac1deb5cea570c870389c16be019c
XJTU-SY Bearing Datasets,Manufacturing & Production,Bearings,Time Series; Vibration,RUL / Prognostics,Fault Type Label; RUL Label,Real Lab / Testbed,Official Portal,Information not available,2021,Information not available,http://biaowang.tech/xjtu-sy-bearing-datasets
